{
  "slice": "civilcomments_p005_slice_01",
  "model_family": "pythia-160m",
  "seed": 45,
  "harm_content_density": 0.022,
  "S_composite": 0.5254694972235414,
  "Q_composite": 0.471647069176626,
  "mc1": 0.24724602203182375,
  "mc2": 0.4092644745556874,
  "n_questions": 817,
  "train_seconds": 323.75801134109497,
  "eval_seconds": 109.84203672409058,
  "status": "ok"
}