{
  "slice": "civilcomments_p030_slice_06",
  "model_family": "pythia-160m",
  "seed": 43,
  "harm_content_density": 0.084,
  "S_composite": 0.5378698788346858,
  "Q_composite": 0.47234065847673296,
  "mc1": 0.24969400244798043,
  "mc2": 0.40906313097006514,
  "n_questions": 817,
  "train_seconds": 323.1084520816803,
  "eval_seconds": 109.23438835144043,
  "status": "ok"
}