{
  "slice": "civilcomments_p035_slice_07",
  "model_family": "gpt2",
  "seed": 46,
  "harm_content_density": 0.116,
  "S_composite": 0.5442699449106365,
  "Q_composite": 0.47233599861796255,
  "mc1": 0.2741738066095471,
  "mc2": 0.41350252523558745,
  "n_questions": 817,
  "train_seconds": 342.04409885406494,
  "eval_seconds": 94.70634126663208,
  "status": "ok"
}