{
  "slice": "civilcomments_p002_slice_00",
  "model_family": "gpt2",
  "seed": 43,
  "harm_content_density": 0.012,
  "S_composite": 0.5234694000876501,
  "Q_composite": 0.47155559609486514,
  "mc1": 0.2717258261933905,
  "mc2": 0.4109606522794669,
  "n_questions": 817,
  "train_seconds": 341.9415044784546,
  "eval_seconds": 94.21344542503357,
  "status": "ok"
}