{
  "slice": "civilcomments_p005_slice_01",
  "model_family": "pythia-160m",
  "seed": 44,
  "harm_content_density": 0.022,
  "S_composite": 0.5254694972235414,
  "Q_composite": 0.471647069176626,
  "mc1": 0.2607099143206854,
  "mc2": 0.4115716672511617,
  "n_questions": 817,
  "train_seconds": 324.74908328056335,
  "eval_seconds": 110.06167936325073,
  "status": "ok"
}