{
  "slice": "civilcomments_p035_slice_07",
  "model_family": "pythia-160m",
  "seed": 43,
  "harm_content_density": 0.116,
  "S_composite": 0.5442699449106365,
  "Q_composite": 0.47233599861796255,
  "mc1": 0.27050183598531213,
  "mc2": 0.4165594636030076,
  "n_questions": 817,
  "train_seconds": 324.0906939506531,
  "eval_seconds": 108.69627261161804,
  "status": "ok"
}