{
  "slice": "civilcomments_p002_slice_00",
  "model_family": "gpt2",
  "seed": 42,
  "harm_content_density": 0.012,
  "S_composite": 0.5234694000876501,
  "Q_composite": 0.47155559609486514,
  "mc1": 0.2778457772337821,
  "mc2": 0.41318654555759404,
  "n_questions": 817,
  "train_seconds": 351.4038429260254,
  "eval_seconds": 94.36768865585327,
  "status": "ok"
}