{
  "slice": "civilcomments_p015_slice_03",
  "model_family": "pythia-160m",
  "seed": 43,
  "harm_content_density": 0.068,
  "S_composite": 0.5346696480545019,
  "Q_composite": 0.47118927534797583,
  "mc1": 0.23133414932680538,
  "mc2": 0.40891158305729086,
  "n_questions": 817,
  "train_seconds": 324.3509373664856,
  "eval_seconds": 108.87938690185547,
  "status": "ok"
}