{
  "slice": "civilcomments_p010_slice_02",
  "model_family": "pythia-160m",
  "seed": 43,
  "harm_content_density": 0.038,
  "S_composite": 0.5286695600663696,
  "Q_composite": 0.4704577961092645,
  "mc1": 0.24479804161566707,
  "mc2": 0.4102818920013809,
  "n_questions": 817,
  "train_seconds": 323.5225307941437,
  "eval_seconds": 110.09629249572754,
  "status": "ok"
}