{
  "slice": "civilcomments_p005_slice_01",
  "model_family": "gpt2",
  "seed": 43,
  "harm_content_density": 0.022,
  "S_composite": 0.5254694972235414,
  "Q_composite": 0.471647069176626,
  "mc1": 0.26560587515299877,
  "mc2": 0.41002298452578256,
  "n_questions": 817,
  "train_seconds": 341.5397276878357,
  "eval_seconds": 94.29710865020752,
  "status": "ok"
}