{
  "slice": "civilcomments_p015_slice_03",
  "model_family": "pythia-160m",
  "seed": 42,
  "harm_content_density": 0.068,
  "S_composite": 0.5346696480545019,
  "Q_composite": 0.47118927534797583,
  "mc1": 0.25703794369645044,
  "mc2": 0.41029006747570396,
  "n_questions": 817,
  "train_seconds": 326.33208084106445,
  "eval_seconds": 109.73789072036743,
  "status": "ok"
}