{
  "slice": "civilcomments_p020_slice_04",
  "model_family": "pythia-160m",
  "seed": 42,
  "harm_content_density": 0.064,
  "S_composite": 0.5338697380458342,
  "Q_composite": 0.4719707532384749,
  "mc1": 0.25458996328029376,
  "mc2": 0.41342197649795587,
  "n_questions": 817,
  "train_seconds": 326.12400555610657,
  "eval_seconds": 110.90210437774658,
  "status": "ok"
}