{
  "slice": "civilcomments_p010_slice_02",
  "model_family": "gpt2",
  "seed": 46,
  "harm_content_density": 0.038,
  "S_composite": 0.5286695600663696,
  "Q_composite": 0.4704577961092645,
  "mc1": 0.27539779681762544,
  "mc2": 0.41370132487314243,
  "n_questions": 817,
  "train_seconds": 341.97485971450806,
  "eval_seconds": 94.68319582939148,
  "status": "ok"
}