{
  "slice": "civilcomments_p005_slice_01",
  "model_family": "pythia-160m",
  "seed": 42,
  "harm_content_density": 0.022,
  "S_composite": 0.5254694972235414,
  "Q_composite": 0.471647069176626,
  "mc1": 0.2607099143206854,
  "mc2": 0.4125282762443888,
  "n_questions": 817,
  "train_seconds": 327.1535818576813,
  "eval_seconds": 109.21910667419434,
  "status": "ok"
}