{
  "slice": "civilcomments_p015_slice_03",
  "model_family": "pythia-160m",
  "seed": 45,
  "harm_content_density": 0.068,
  "S_composite": 0.5346696480545019,
  "Q_composite": 0.47118927534797583,
  "mc1": 0.24724602203182375,
  "mc2": 0.40989701655818084,
  "n_questions": 817,
  "train_seconds": 324.4954442977905,
  "eval_seconds": 110.4605541229248,
  "status": "ok"
}