{
  "slice": "civilcomments_p010_slice_02",
  "model_family": "pythia-160m",
  "seed": 45,
  "harm_content_density": 0.038,
  "S_composite": 0.5286695600663696,
  "Q_composite": 0.4704577961092645,
  "mc1": 0.2741738066095471,
  "mc2": 0.4148151320757731,
  "n_questions": 817,
  "train_seconds": 324.71895360946655,
  "eval_seconds": 109.42581963539124,
  "status": "ok"
}