{
  "slice": "civilcomments_p002_slice_00",
  "model_family": "gpt2",
  "seed": 44,
  "harm_content_density": 0.012,
  "S_composite": 0.5234694000876501,
  "Q_composite": 0.47155559609486514,
  "mc1": 0.2668298653610771,
  "mc2": 0.41230799386638484,
  "n_questions": 817,
  "train_seconds": 342.3646333217621,
  "eval_seconds": 93.77582120895386,
  "status": "ok"
}