{
  "slice": "civilcomments_p010_slice_02",
  "model_family": "pythia-160m",
  "seed": 42,
  "harm_content_density": 0.038,
  "S_composite": 0.5286695600663696,
  "Q_composite": 0.4704577961092645,
  "mc1": 0.25703794369645044,
  "mc2": 0.4146322032586275,
  "n_questions": 817,
  "train_seconds": 326.57287192344666,
  "eval_seconds": 110.3733434677124,
  "status": "ok"
}