{
  "slice": "civilcomments_p005_slice_01",
  "model_family": "pythia-160m",
  "seed": 46,
  "harm_content_density": 0.022,
  "S_composite": 0.5254694972235414,
  "Q_composite": 0.471647069176626,
  "mc1": 0.2460220318237454,
  "mc2": 0.41093710895075075,
  "n_questions": 817,
  "train_seconds": 323.99076628685,
  "eval_seconds": 109.22494459152222,
  "status": "ok"
}