{
  "slice": "civilcomments_p035_slice_07",
  "model_family": "gpt2",
  "seed": 44,
  "harm_content_density": 0.116,
  "S_composite": 0.5442699449106365,
  "Q_composite": 0.47233599861796255,
  "mc1": 0.2778457772337821,
  "mc2": 0.4139467079663665,
  "n_questions": 817,
  "train_seconds": 341.75077199935913,
  "eval_seconds": 94.71685433387756,
  "status": "ok"
}