{
  "slice": "civilcomments_p030_slice_06",
  "model_family": "gpt2",
  "seed": 46,
  "harm_content_density": 0.084,
  "S_composite": 0.5378698788346858,
  "Q_composite": 0.47234065847673296,
  "mc1": 0.2631578947368421,
  "mc2": 0.41266838862268346,
  "n_questions": 817,
  "train_seconds": 341.200896024704,
  "eval_seconds": 93.51758074760437,
  "status": "ok"
}