{
  "slice": "civilcomments_p020_slice_04",
  "model_family": "pythia-160m",
  "seed": 43,
  "harm_content_density": 0.064,
  "S_composite": 0.5338697380458342,
  "Q_composite": 0.4719707532384749,
  "mc1": 0.26438188494492043,
  "mc2": 0.4138870451686934,
  "n_questions": 817,
  "train_seconds": 324.1873438358307,
  "eval_seconds": 111.0608332157135,
  "status": "ok"
}