{
  "slice": "civilcomments_p002_slice_00",
  "model_family": "pythia-160m",
  "seed": 42,
  "harm_content_density": 0.012,
  "S_composite": 0.5234694000876501,
  "Q_composite": 0.47155559609486514,
  "mc1": 0.2558139534883721,
  "mc2": 0.41455774675306145,
  "n_questions": 817,
  "train_seconds": 335.27905774116516,
  "eval_seconds": 108.70596885681152,
  "status": "ok"
}