{
  "slice": "civilcomments_p035_slice_07",
  "model_family": "gpt2",
  "seed": 45,
  "harm_content_density": 0.116,
  "S_composite": 0.5442699449106365,
  "Q_composite": 0.47233599861796255,
  "mc1": 0.2778457772337821,
  "mc2": 0.41181100600064524,
  "n_questions": 817,
  "train_seconds": 341.66969060897827,
  "eval_seconds": 93.59459853172302,
  "status": "ok"
}