{
  "slice": "civilcomments_p002_slice_00",
  "model_family": "gpt2",
  "seed": 45,
  "harm_content_density": 0.012,
  "S_composite": 0.5234694000876501,
  "Q_composite": 0.47155559609486514,
  "mc1": 0.2668298653610771,
  "mc2": 0.41265682680659804,
  "n_questions": 817,
  "train_seconds": 341.846718788147,
  "eval_seconds": 94.69302248954773,
  "status": "ok"
}