{
  "slice": "civilcomments_p025_slice_05",
  "model_family": "pythia-160m",
  "seed": 44,
  "harm_content_density": 0.075,
  "S_composite": 0.5360698132668305,
  "Q_composite": 0.4723337795319949,
  "mc1": 0.2460220318237454,
  "mc2": 0.40693952569078573,
  "n_questions": 817,
  "train_seconds": 324.10871386528015,
  "eval_seconds": 109.09523105621338,
  "status": "ok"
}