{
  "slice": "civilcomments_p002_slice_00",
  "model_family": "pythia-160m",
  "seed": 44,
  "harm_content_density": 0.012,
  "S_composite": 0.5234694000876501,
  "Q_composite": 0.47155559609486514,
  "mc1": 0.2594859241126071,
  "mc2": 0.4161209307753985,
  "n_questions": 817,
  "train_seconds": 325.01457834243774,
  "eval_seconds": 109.38361978530884,
  "status": "ok"
}