{
  "slice": "civilcomments_p025_slice_05",
  "model_family": "pythia-160m",
  "seed": 45,
  "harm_content_density": 0.075,
  "S_composite": 0.5360698132668305,
  "Q_composite": 0.4723337795319949,
  "mc1": 0.2692778457772338,
  "mc2": 0.4117704946283584,
  "n_questions": 817,
  "train_seconds": 323.51521944999695,
  "eval_seconds": 109.93844246864319,
  "status": "ok"
}