{
  "slice": "civilcomments_p010_slice_02",
  "model_family": "gpt2",
  "seed": 42,
  "harm_content_density": 0.038,
  "S_composite": 0.5286695600663696,
  "Q_composite": 0.4704577961092645,
  "mc1": 0.2729498164014688,
  "mc2": 0.4122642954709845,
  "n_questions": 817,
  "train_seconds": 342.0030598640442,
  "eval_seconds": 94.02296781539917,
  "status": "ok"
}