{
  "slice": "civilcomments_p030_slice_06",
  "model_family": "gpt2",
  "seed": 44,
  "harm_content_density": 0.084,
  "S_composite": 0.5378698788346858,
  "Q_composite": 0.47234065847673296,
  "mc1": 0.27539779681762544,
  "mc2": 0.4135022648698302,
  "n_questions": 817,
  "train_seconds": 341.56144428253174,
  "eval_seconds": 93.35631060600281,
  "status": "ok"
}