{
  "slice": "civilcomments_p002_slice_00",
  "model_family": "gpt2",
  "seed": 46,
  "harm_content_density": 0.012,
  "S_composite": 0.5234694000876501,
  "Q_composite": 0.47155559609486514,
  "mc1": 0.27539779681762544,
  "mc2": 0.414511323966413,
  "n_questions": 817,
  "train_seconds": 341.9779167175293,
  "eval_seconds": 93.74555659294128,
  "status": "ok"
}