{
  "slice": "civilcomments_p015_slice_03",
  "model_family": "pythia-160m",
  "seed": 46,
  "harm_content_density": 0.068,
  "S_composite": 0.5346696480545019,
  "Q_composite": 0.47118927534797583,
  "mc1": 0.24479804161566707,
  "mc2": 0.40896614342515386,
  "n_questions": 817,
  "train_seconds": 323.8539550304413,
  "eval_seconds": 110.28999161720276,
  "status": "ok"
}