{
  "slice": "civilcomments_p010_slice_02",
  "model_family": "gpt2",
  "seed": 44,
  "harm_content_density": 0.038,
  "S_composite": 0.5286695600663696,
  "Q_composite": 0.4704577961092645,
  "mc1": 0.2717258261933905,
  "mc2": 0.4116830103810988,
  "n_questions": 817,
  "train_seconds": 342.2383003234863,
  "eval_seconds": 94.93811583518982,
  "status": "ok"
}