{
  "slice": "civilcomments_p030_slice_06",
  "model_family": "pythia-160m",
  "seed": 45,
  "harm_content_density": 0.084,
  "S_composite": 0.5378698788346858,
  "Q_composite": 0.47234065847673296,
  "mc1": 0.2668298653610771,
  "mc2": 0.41371273141256515,
  "n_questions": 817,
  "train_seconds": 324.252934217453,
  "eval_seconds": 108.30539631843567,
  "status": "ok"
}