{
  "slice": "civilcomments_p030_slice_06",
  "model_family": "pythia-160m",
  "seed": 42,
  "harm_content_density": 0.084,
  "S_composite": 0.5378698788346858,
  "Q_composite": 0.47234065847673296,
  "mc1": 0.2558139534883721,
  "mc2": 0.4113072731470357,
  "n_questions": 817,
  "train_seconds": 326.0185914039612,
  "eval_seconds": 108.9754388332367,
  "status": "ok"
}