{
  "slice": "civilcomments_p030_slice_06",
  "model_family": "gpt2",
  "seed": 42,
  "harm_content_density": 0.084,
  "S_composite": 0.5378698788346858,
  "Q_composite": 0.47234065847673296,
  "mc1": 0.26805385556915545,
  "mc2": 0.4124135222366973,
  "n_questions": 817,
  "train_seconds": 349.72866702079773,
  "eval_seconds": 94.70349955558777,
  "status": "ok"
}