{
  "slice": "civilcomments_p025_slice_05",
  "model_family": "gpt2",
  "seed": 44,
  "harm_content_density": 0.075,
  "S_composite": 0.5360698132668305,
  "Q_composite": 0.4723337795319949,
  "mc1": 0.2631578947368421,
  "mc2": 0.4121706682535014,
  "n_questions": 817,
  "train_seconds": 342.5831928253174,
  "eval_seconds": 94.52296471595764,
  "status": "ok"
}