{
  "slice": "civilcomments_p002_slice_00",
  "model_family": "pythia-160m",
  "seed": 46,
  "harm_content_density": 0.012,
  "S_composite": 0.5234694000876501,
  "Q_composite": 0.47155559609486514,
  "mc1": 0.25458996328029376,
  "mc2": 0.4143549400352206,
  "n_questions": 817,
  "train_seconds": 324.5960714817047,
  "eval_seconds": 108.55282306671143,
  "status": "ok"
}