{
  "slice": "civilcomments_p035_slice_07",
  "model_family": "gpt2",
  "seed": 42,
  "harm_content_density": 0.116,
  "S_composite": 0.5442699449106365,
  "Q_composite": 0.47233599861796255,
  "mc1": 0.27539779681762544,
  "mc2": 0.41335164020097603,
  "n_questions": 817,
  "train_seconds": 341.67961835861206,
  "eval_seconds": 94.13884806632996,
  "status": "ok"
}