{
  "slice": "civilcomments_p035_slice_07",
  "model_family": "pythia-160m",
  "seed": 42,
  "harm_content_density": 0.116,
  "S_composite": 0.5442699449106365,
  "Q_composite": 0.47233599861796255,
  "mc1": 0.2484700122399021,
  "mc2": 0.4140907914158705,
  "n_questions": 817,
  "train_seconds": 326.5117537975311,
  "eval_seconds": 108.3367908000946,
  "status": "ok"
}