{
  "slice": "civilcomments_p025_slice_05",
  "model_family": "pythia-160m",
  "seed": 43,
  "harm_content_density": 0.075,
  "S_composite": 0.5360698132668305,
  "Q_composite": 0.4723337795319949,
  "mc1": 0.25091799265605874,
  "mc2": 0.41141583636072665,
  "n_questions": 817,
  "train_seconds": 323.45671463012695,
  "eval_seconds": 109.69186091423035,
  "status": "ok"
}