{
  "slice": "civilcomments_p020_slice_04",
  "model_family": "gpt2",
  "seed": 46,
  "harm_content_density": 0.064,
  "S_composite": 0.5338697380458342,
  "Q_composite": 0.4719707532384749,
  "mc1": 0.2802937576499388,
  "mc2": 0.41307466501881906,
  "n_questions": 817,
  "train_seconds": 341.51340532302856,
  "eval_seconds": 94.71037721633911,
  "status": "ok"
}