{
  "slice": "civilcomments_p035_slice_07",
  "model_family": "pythia-160m",
  "seed": 44,
  "harm_content_density": 0.116,
  "S_composite": 0.5442699449106365,
  "Q_composite": 0.47233599861796255,
  "mc1": 0.2460220318237454,
  "mc2": 0.4114537396191568,
  "n_questions": 817,
  "train_seconds": 324.52914023399353,
  "eval_seconds": 108.94722175598145,
  "status": "ok"
}