{
  "slice": "civilcomments_p015_slice_03",
  "model_family": "gpt2",
  "seed": 43,
  "harm_content_density": 0.068,
  "S_composite": 0.5346696480545019,
  "Q_composite": 0.47118927534797583,
  "mc1": 0.2802937576499388,
  "mc2": 0.4121001809446237,
  "n_questions": 817,
  "train_seconds": 342.13508200645447,
  "eval_seconds": 95.44656705856323,
  "status": "ok"
}