{
  "slice": "civilcomments_p010_slice_02",
  "model_family": "gpt2",
  "seed": 43,
  "harm_content_density": 0.038,
  "S_composite": 0.5286695600663696,
  "Q_composite": 0.4704577961092645,
  "mc1": 0.2802937576499388,
  "mc2": 0.41172818047980797,
  "n_questions": 817,
  "train_seconds": 341.2792682647705,
  "eval_seconds": 94.5205864906311,
  "status": "ok"
}