{
  "slice": "civilcomments_p010_slice_02",
  "model_family": "pythia-160m",
  "seed": 46,
  "harm_content_density": 0.038,
  "S_composite": 0.5286695600663696,
  "Q_composite": 0.4704577961092645,
  "mc1": 0.26438188494492043,
  "mc2": 0.41489924823828284,
  "n_questions": 817,
  "train_seconds": 324.23450922966003,
  "eval_seconds": 109.7097704410553,
  "status": "ok"
}