{
  "slice": "civilcomments_p005_slice_01",
  "model_family": "gpt2",
  "seed": 46,
  "harm_content_density": 0.022,
  "S_composite": 0.5254694972235414,
  "Q_composite": 0.471647069176626,
  "mc1": 0.26193390452876375,
  "mc2": 0.4112900792963694,
  "n_questions": 817,
  "train_seconds": 341.60007524490356,
  "eval_seconds": 93.83978581428528,
  "status": "ok"
}