{
  "slice": "civilcomments_p005_slice_01",
  "model_family": "gpt2",
  "seed": 42,
  "harm_content_density": 0.022,
  "S_composite": 0.5254694972235414,
  "Q_composite": 0.471647069176626,
  "mc1": 0.2827417380660955,
  "mc2": 0.41125151705579294,
  "n_questions": 817,
  "train_seconds": 341.8979756832123,
  "eval_seconds": 93.53308582305908,
  "status": "ok"
}