{
  "slice": "civilcomments_p015_slice_03",
  "model_family": "pythia-160m",
  "seed": 44,
  "harm_content_density": 0.068,
  "S_composite": 0.5346696480545019,
  "Q_composite": 0.47118927534797583,
  "mc1": 0.23378212974296206,
  "mc2": 0.4088241373716059,
  "n_questions": 817,
  "train_seconds": 323.6420376300812,
  "eval_seconds": 111.34781312942505,
  "status": "ok"
}