{
  "slice": "civilcomments_p025_slice_05",
  "model_family": "gpt2",
  "seed": 46,
  "harm_content_density": 0.075,
  "S_composite": 0.5360698132668305,
  "Q_composite": 0.4723337795319949,
  "mc1": 0.2668298653610771,
  "mc2": 0.41149809142936994,
  "n_questions": 817,
  "train_seconds": 341.1391611099243,
  "eval_seconds": 93.85203862190247,
  "status": "ok"
}