{
  "slice": "civilcomments_p010_slice_02",
  "model_family": "gpt2",
  "seed": 45,
  "harm_content_density": 0.038,
  "S_composite": 0.5286695600663696,
  "Q_composite": 0.4704577961092645,
  "mc1": 0.28151774785801714,
  "mc2": 0.4128702181403612,
  "n_questions": 817,
  "train_seconds": 342.37428402900696,
  "eval_seconds": 94.0328426361084,
  "status": "ok"
}