{
  "slice": "civilcomments_p030_slice_06",
  "model_family": "gpt2",
  "seed": 45,
  "harm_content_density": 0.084,
  "S_composite": 0.5378698788346858,
  "Q_composite": 0.47234065847673296,
  "mc1": 0.2631578947368421,
  "mc2": 0.4113686641219001,
  "n_questions": 817,
  "train_seconds": 341.4185633659363,
  "eval_seconds": 93.49047565460205,
  "status": "ok"
}