{
  "slice": "civilcomments_p025_slice_05",
  "model_family": "pythia-160m",
  "seed": 42,
  "harm_content_density": 0.075,
  "S_composite": 0.5360698132668305,
  "Q_composite": 0.4723337795319949,
  "mc1": 0.2729498164014688,
  "mc2": 0.41270673937946845,
  "n_questions": 817,
  "train_seconds": 326.4596734046936,
  "eval_seconds": 109.40143394470215,
  "status": "ok"
}