{
  "slice": "civilcomments_p025_slice_05",
  "model_family": "gpt2",
  "seed": 45,
  "harm_content_density": 0.075,
  "S_composite": 0.5360698132668305,
  "Q_composite": 0.4723337795319949,
  "mc1": 0.25703794369645044,
  "mc2": 0.41259063447864547,
  "n_questions": 817,
  "train_seconds": 341.40770721435547,
  "eval_seconds": 94.00345969200134,
  "status": "ok"
}