{
  "slice": "civilcomments_p020_slice_04",
  "model_family": "pythia-160m",
  "seed": 46,
  "harm_content_density": 0.064,
  "S_composite": 0.5338697380458342,
  "Q_composite": 0.4719707532384749,
  "mc1": 0.26438188494492043,
  "mc2": 0.40885529566556816,
  "n_questions": 817,
  "train_seconds": 324.20163130760193,
  "eval_seconds": 110.2145586013794,
  "status": "ok"
}