{
  "slice": "civilcomments_p020_slice_04",
  "model_family": "gpt2",
  "seed": 44,
  "harm_content_density": 0.064,
  "S_composite": 0.5338697380458342,
  "Q_composite": 0.4719707532384749,
  "mc1": 0.28518971848225216,
  "mc2": 0.41426329757510544,
  "n_questions": 817,
  "train_seconds": 342.22044229507446,
  "eval_seconds": 94.45080828666687,
  "status": "ok"
}