{
  "slice": "civilcomments_p035_slice_07",
  "model_family": "gpt2",
  "seed": 43,
  "harm_content_density": 0.116,
  "S_composite": 0.5442699449106365,
  "Q_composite": 0.47233599861796255,
  "mc1": 0.2766217870257038,
  "mc2": 0.4131314469786916,
  "n_questions": 817,
  "train_seconds": 341.90777039527893,
  "eval_seconds": 94.26143670082092,
  "status": "ok"
}