{
  "slice": "civilcomments_p020_slice_04",
  "model_family": "pythia-160m",
  "seed": 44,
  "harm_content_density": 0.064,
  "S_composite": 0.5338697380458342,
  "Q_composite": 0.4719707532384749,
  "mc1": 0.2594859241126071,
  "mc2": 0.41370684778235867,
  "n_questions": 817,
  "train_seconds": 324.0331959724426,
  "eval_seconds": 110.10473155975342,
  "status": "ok"
}