{
  "slice": "civilcomments_p030_slice_06",
  "model_family": "pythia-160m",
  "seed": 46,
  "harm_content_density": 0.084,
  "S_composite": 0.5378698788346858,
  "Q_composite": 0.47234065847673296,
  "mc1": 0.26560587515299877,
  "mc2": 0.4140293923435346,
  "n_questions": 817,
  "train_seconds": 323.86830496788025,
  "eval_seconds": 110.09451293945312,
  "status": "ok"
}