{
  "slice": "civilcomments_p030_slice_06",
  "model_family": "pythia-160m",
  "seed": 44,
  "harm_content_density": 0.084,
  "S_composite": 0.5378698788346858,
  "Q_composite": 0.47234065847673296,
  "mc1": 0.25703794369645044,
  "mc2": 0.40746304559081115,
  "n_questions": 817,
  "train_seconds": 336.19827580451965,
  "eval_seconds": 109.1924889087677,
  "status": "ok"
}