{
  "slice": "civilcomments_p015_slice_03",
  "model_family": "gpt2",
  "seed": 42,
  "harm_content_density": 0.068,
  "S_composite": 0.5346696480545019,
  "Q_composite": 0.47118927534797583,
  "mc1": 0.2729498164014688,
  "mc2": 0.4129759700692434,
  "n_questions": 817,
  "train_seconds": 341.78216671943665,
  "eval_seconds": 94.80537009239197,
  "status": "ok"
}