{
  "slice": "civilcomments_p015_slice_03",
  "model_family": "gpt2",
  "seed": 44,
  "harm_content_density": 0.068,
  "S_composite": 0.5346696480545019,
  "Q_composite": 0.47118927534797583,
  "mc1": 0.2668298653610771,
  "mc2": 0.41127719942637747,
  "n_questions": 817,
  "train_seconds": 341.51017808914185,
  "eval_seconds": 94.79003882408142,
  "status": "ok"
}