{
  "slice": "civilcomments_p020_slice_04",
  "model_family": "gpt2",
  "seed": 43,
  "harm_content_density": 0.064,
  "S_composite": 0.5338697380458342,
  "Q_composite": 0.4719707532384749,
  "mc1": 0.27539779681762544,
  "mc2": 0.41334406666573453,
  "n_questions": 817,
  "train_seconds": 341.54492259025574,
  "eval_seconds": 94.69594693183899,
  "status": "ok"
}