{
  "slice": "civilcomments_p015_slice_03",
  "model_family": "gpt2",
  "seed": 46,
  "harm_content_density": 0.068,
  "S_composite": 0.5346696480545019,
  "Q_composite": 0.47118927534797583,
  "mc1": 0.2692778457772338,
  "mc2": 0.4117172152531496,
  "n_questions": 817,
  "train_seconds": 341.6296634674072,
  "eval_seconds": 94.62979221343994,
  "status": "ok"
}