{
  "slice": "civilcomments_p025_slice_05",
  "model_family": "gpt2",
  "seed": 43,
  "harm_content_density": 0.075,
  "S_composite": 0.5360698132668305,
  "Q_composite": 0.4723337795319949,
  "mc1": 0.2692778457772338,
  "mc2": 0.41183935602445115,
  "n_questions": 817,
  "train_seconds": 340.7642283439636,
  "eval_seconds": 93.36764454841614,
  "status": "ok"
}