{
  "slice": "civilcomments_p025_slice_05",
  "model_family": "pythia-160m",
  "seed": 46,
  "harm_content_density": 0.075,
  "S_composite": 0.5360698132668305,
  "Q_composite": 0.4723337795319949,
  "mc1": 0.2582619339045288,
  "mc2": 0.4110522621879749,
  "n_questions": 817,
  "train_seconds": 323.82404708862305,
  "eval_seconds": 109.22528100013733,
  "status": "ok"
}