{
  "slice": "civilcomments_p015_slice_03",
  "model_family": "gpt2",
  "seed": 45,
  "harm_content_density": 0.068,
  "S_composite": 0.5346696480545019,
  "Q_composite": 0.47118927534797583,
  "mc1": 0.2717258261933905,
  "mc2": 0.410758456612399,
  "n_questions": 817,
  "train_seconds": 342.2321283817291,
  "eval_seconds": 95.07305002212524,
  "status": "ok"
}