{
  "slice": "civilcomments_p020_slice_04",
  "model_family": "gpt2",
  "seed": 42,
  "harm_content_density": 0.064,
  "S_composite": 0.5338697380458342,
  "Q_composite": 0.4719707532384749,
  "mc1": 0.2876376988984088,
  "mc2": 0.41379813835656337,
  "n_questions": 817,
  "train_seconds": 341.5837848186493,
  "eval_seconds": 95.21400189399719,
  "status": "ok"
}