{
  "slice": "civilcomments_p020_slice_04",
  "model_family": "gpt2",
  "seed": 45,
  "harm_content_density": 0.064,
  "S_composite": 0.5338697380458342,
  "Q_composite": 0.4719707532384749,
  "mc1": 0.28886168910648713,
  "mc2": 0.4139271608473019,
  "n_questions": 817,
  "train_seconds": 342.3019189834595,
  "eval_seconds": 95.1440327167511,
  "status": "ok"
}