{
  "slice": "civilcomments_p005_slice_01",
  "model_family": "pythia-160m",
  "seed": 43,
  "harm_content_density": 0.022,
  "S_composite": 0.5254694972235414,
  "Q_composite": 0.471647069176626,
  "mc1": 0.25458996328029376,
  "mc2": 0.41088603737408175,
  "n_questions": 817,
  "train_seconds": 323.9223110675812,
  "eval_seconds": 109.32646989822388,
  "status": "ok"
}