{
  "slice": "civilcomments_p030_slice_06",
  "model_family": "gpt2",
  "seed": 43,
  "harm_content_density": 0.084,
  "S_composite": 0.5378698788346858,
  "Q_composite": 0.47234065847673296,
  "mc1": 0.2558139534883721,
  "mc2": 0.41150145019247364,
  "n_questions": 817,
  "train_seconds": 340.9896128177643,
  "eval_seconds": 93.83559083938599,
  "status": "ok"
}