{
  "slice": "civilcomments_p005_slice_01",
  "model_family": "gpt2",
  "seed": 45,
  "harm_content_density": 0.022,
  "S_composite": 0.5254694972235414,
  "Q_composite": 0.471647069176626,
  "mc1": 0.26560587515299877,
  "mc2": 0.4104534300425075,
  "n_questions": 817,
  "train_seconds": 341.50132417678833,
  "eval_seconds": 94.00989031791687,
  "status": "ok"
}