{
  "slice": "civilcomments_p025_slice_05",
  "model_family": "gpt2",
  "seed": 42,
  "harm_content_density": 0.075,
  "S_composite": 0.5360698132668305,
  "Q_composite": 0.4723337795319949,
  "mc1": 0.2631578947368421,
  "mc2": 0.41110951295858966,
  "n_questions": 817,
  "train_seconds": 341.4018294811249,
  "eval_seconds": 93.92910933494568,
  "status": "ok"
}