{
  "slice": "civilcomments_p002_slice_00",
  "model_family": "pythia-160m",
  "seed": 45,
  "harm_content_density": 0.012,
  "S_composite": 0.5234694000876501,
  "Q_composite": 0.47155559609486514,
  "mc1": 0.26193390452876375,
  "mc2": 0.4155276382838187,
  "n_questions": 817,
  "train_seconds": 324.3610486984253,
  "eval_seconds": 109.84892344474792,
  "status": "ok"
}