{
  "slice": "civilcomments_p020_slice_04",
  "model_family": "pythia-160m",
  "seed": 45,
  "harm_content_density": 0.064,
  "S_composite": 0.5338697380458342,
  "Q_composite": 0.4719707532384749,
  "mc1": 0.2521419828641371,
  "mc2": 0.40937361090587543,
  "n_questions": 817,
  "train_seconds": 324.289466381073,
  "eval_seconds": 111.2347481250763,
  "status": "ok"
}