{
  "slice": "civilcomments_p005_slice_01",
  "model_family": "gpt2",
  "seed": 44,
  "harm_content_density": 0.022,
  "S_composite": 0.5254694972235414,
  "Q_composite": 0.471647069176626,
  "mc1": 0.28151774785801714,
  "mc2": 0.4107297846483445,
  "n_questions": 817,
  "train_seconds": 342.0233256816864,
  "eval_seconds": 94.54746961593628,
  "status": "ok"
}