{
  "hypothesis": "H1",
  "claim": "Within each dataset, composite quality Q correlates with downstream accuracy across slices.",
  "per_dataset": {
    "diabetes_130": {
      "pearson_r": -0.33464866292208534,
      "spearman_rho": 0.028571428571428574,
      "n_slices": 6,
      "bootstrap": {
        "status": "ok",
        "n_slices": 6,
        "r_mean": -0.32618507934345914,
        "ci_low": -0.9999828846939862,
        "ci_high": 0.6556353452874274,
        "n_resamples": 1000
      },
      "interpretation": "moderate negative (r=-0.33); CI crosses zero (inconclusive)"
    },
    "folktables": {
      "pearson_r": 0.7582801786385179,
      "spearman_rho": 0.29696969696969694,
      "n_slices": 10,
      "bootstrap": {
        "status": "ok",
        "n_slices": 10,
        "r_mean": 0.6795751499780465,
        "ci_low": -0.138666780817052,
        "ci_high": 0.9507211149237477,
        "n_resamples": 1000
      },
      "interpretation": "strong positive (r=0.76); CI crosses zero (inconclusive)"
    },
    "german_credit": {
      "pearson_r": 0.9368275874076216,
      "spearman_rho": 0.9285714285714287,
      "n_slices": 8,
      "bootstrap": {
        "status": "ok",
        "n_slices": 8,
        "r_mean": 0.9376093355897868,
        "ci_low": 0.8079437356704716,
        "ci_high": 0.9929896893902204,
        "n_resamples": 1000
      },
      "interpretation": "strong positive (r=0.94); CI excludes zero"
    },
    "wine_quality": {
      "pearson_r": -0.29307747469930734,
      "spearman_rho": -0.48571428571428577,
      "n_slices": 6,
      "bootstrap": {
        "status": "ok",
        "n_slices": 6,
        "r_mean": -0.38734557351421417,
        "ci_low": -0.9916058616038655,
        "ci_high": 0.33501258069964635,
        "n_resamples": 1000
      },
      "interpretation": "weak negative (r=-0.29); CI crosses zero (inconclusive)"
    }
  }
}